joint_name,position
joint_1,-1.5854479738480762
joint_2,0.4254232062252908
joint_3,-2.17481138203701
joint_4,0.14686198239372353
joint_5,0.9608891607990373
joint_6,1.397509361511457
robotiq_85_left_knuckle_joint,0.04618421974182129
